Priority,start_station_id,cluster_name,health_score,health_category,total_trips,trips_per_day,is_anomaly,trend_category
1,31258.0,游댮 Heavy Usage,0.84,游댮 Critical,2869,47.032786885245905,True,游늴 Declining
2,31289.0,游댮 Heavy Usage,0.8299173835033388,游댮 Critical,2180,35.73770491803279,True,游늴 Declining
3,31623.0,游댮 Heavy Usage,0.823749314274447,游댮 Critical,7687,126.01639344262296,True,游늴 Declining
4,31229.0,游댮 Heavy Usage,0.8121810689323989,游댮 Critical,7295,119.59016393442623,True,游늴 Declining
5,31288.0,游댮 Heavy Usage,0.8116661980189365,游댮 Critical,3174,52.032786885245905,True,游늴 Declining
6,31247.0,游댮 Heavy Usage,0.8085109273683507,游댮 Critical,2409,39.49180327868852,True,游늴 Declining
7,31248.0,游댮 Heavy Usage,0.7628974980127154,游댮 Critical,2173,35.622950819672134,True,游늴 Declining
8,31200.0,游댮 Heavy Usage,0.7441853292926962,游댮 Critical,4934,80.88524590163935,True,游늴 Declining
9,31201.0,游댮 Heavy Usage,0.7433984084792874,游댮 Critical,6237,102.24590163934427,True,游늴 Declining
10,31603.0,游댮 Heavy Usage,0.7314556626385336,游댮 Critical,5537,90.77049180327869,True,游늴 Declining
11,31124.0,游댮 Heavy Usage,0.7060307432989192,游댮 Critical,5490,90.0,True,游늴 Declining
12,31600.0,游댮 Heavy Usage,0.7045187766841462,游댮 Critical,5414,88.75409836065573,True,游늴 Declining
13,31236.0,游댮 Heavy Usage,0.7034932878631911,游댮 Critical,4371,71.65573770491804,True,游늴 Declining
14,31101.0,游댮 Heavy Usage,0.7008463176773865,游댮 Critical,5831,95.59016393442623,True,游늴 Declining
15,31699.0,游댮 Heavy Usage,0.6948928166523034,游댮 Critical,5546,90.91803278688525,True,游늴 Declining
16,31104.0,游댮 Heavy Usage,0.6886598058911355,游댮 Critical,4754,77.93442622950819,True,游늴 Declining
17,31212.0,游댮 Heavy Usage,0.6811833433674767,游댮 Critical,3600,59.01639344262295,True,游늴 Declining
18,31627.0,游댮 Heavy Usage,0.6766993998128591,游댮 Critical,4560,74.75409836065573,True,游늴 Declining
19,31102.0,游댮 Heavy Usage,0.6646873546108166,游댮 Critical,4210,69.01639344262296,True,游늴 Declining
20,31202.0,游댮 Heavy Usage,0.658008442038915,游댮 Critical,4766,78.1311475409836,False,游늴 Declining
21,31125.0,游댮 Heavy Usage,0.6549092828356746,游댮 Critical,4390,71.9672131147541,False,游늴 Declining
22,31532.0,游댮 Heavy Usage,0.6527758434788087,游댮 Critical,4471,73.29508196721312,False,游늴 Declining
23,31114.0,游댮 Heavy Usage,0.6435368458908384,游댮 Critical,3915,64.18032786885246,False,游늴 Declining
24,31225.0,游댮 Heavy Usage,0.6423998610341073,游댮 Critical,2436,39.9344262295082,False,游늴 Declining
25,31330.0,游댮 Heavy Usage,0.6369883104476572,游댮 Critical,3745,61.39344262295082,False,游늴 Declining
26,31228.0,游댮 Heavy Usage,0.6360879053227555,游댮 Critical,3403,54.88709677419355,False,游늴 Declining
27,31312.0,游댮 Heavy Usage,0.629282024721169,游댮 Critical,2987,48.967213114754095,False,游늴 Declining
28,31215.0,游댮 Heavy Usage,0.6253577999571576,游댮 Critical,2023,33.16393442622951,False,游늴 Declining
29,31266.0,游댮 Heavy Usage,0.6251058365600723,游댮 Critical,4277,70.11475409836065,False,游늴 Declining
30,31214.0,游댮 Heavy Usage,0.6242699569759758,游댮 Critical,4246,69.60655737704919,False,游늴 Declining
31,31107.0,游댮 Heavy Usage,0.6122710751724445,游댮 Critical,4041,66.24590163934427,False,游늴 Declining
32,31108.0,游댮 Heavy Usage,0.6118290139235809,游댮 Critical,3574,58.59016393442623,False,游늴 Declining
33,31203.0,游댮 Heavy Usage,0.6089951066509038,游댮 Critical,4018,65.8688524590164,False,游늴 Declining
34,31615.0,游댮 Heavy Usage,0.6059379467894555,游댮 Critical,3768,61.77049180327869,False,游늴 Declining
35,31119.0,游댮 Heavy Usage,0.6056172635799415,游댮 Critical,3899,63.91803278688525,False,游늴 Declining
36,31281.0,游댮 Heavy Usage,0.603818437028747,游댮 Critical,4043,66.27868852459017,False,游늴 Declining
37,31246.0,游댮 Heavy Usage,0.599518625653569,游댮 Critical,2685,44.01639344262295,False,游늴 Declining
38,31602.0,游댮 Heavy Usage,0.5979878683120887,游댮 Critical,3908,64.06557377049181,False,游늴 Declining
39,31324.0,游댮 Heavy Usage,0.5923695260723403,游댮 Critical,3737,61.26229508196721,False,游늴 Declining
40,31243.0,游댮 Heavy Usage,0.5917560162339887,游댮 Critical,1838,30.131147540983605,False,游늴 Declining
41,31280.0,游댮 Heavy Usage,0.5847831557371761,游댮 Critical,2716,44.52459016393443,False,游늴 Declining
42,31323.0,游댮 Heavy Usage,0.5835584699694396,游댮 Critical,2017,33.0655737704918,False,游늴 Declining
43,31311.0,游댮 Heavy Usage,0.5813281572043477,游댮 Critical,2688,44.0655737704918,False,游늴 Declining
44,31277.0,游댮 Heavy Usage,0.5810060183796174,游댮 Critical,1938,31.770491803278688,False,游늴 Declining
45,31295.0,游댮 Heavy Usage,0.5801754520279006,游댮 Critical,2611,42.80327868852459,False,游늴 Declining
46,31296.0,游댮 Heavy Usage,0.5783965893664712,游댮 Critical,3901,63.950819672131146,False,游늴 Declining
47,31506.0,游댮 Heavy Usage,0.5748385015685185,游댮 Critical,3051,50.01639344262295,False,游늴 Declining
48,31128.0,游댮 Heavy Usage,0.5708130810392822,游댮 Critical,3069,50.31147540983606,False,游늴 Declining
49,31609.0,游댮 Heavy Usage,0.5705604911724828,游댮 Critical,2516,41.24590163934426,False,游늴 Declining
50,31122.0,游댮 Heavy Usage,0.5697248692012367,游댮 Critical,2841,46.57377049180328,False,游늴 Declining
51,31241.0,游댮 Heavy Usage,0.5676384269852456,游댮 Critical,3037,49.78688524590164,False,游늴 Declining
52,31278.0,游댮 Heavy Usage,0.5665677891315408,游댮 Critical,3106,50.91803278688525,False,游늴 Declining
53,31134.0,游댮 Heavy Usage,0.5653706820700193,游댮 Critical,3014,49.40983606557377,False,游늴 Declining
54,31612.0,游댮 Heavy Usage,0.5621172940071615,游댮 Critical,2158,35.377049180327866,False,游늴 Declining
55,31223.0,游댮 Heavy Usage,0.5617331290584411,游댮 Critical,2803,45.950819672131146,False,游늴 Declining
56,31662.0,游댮 Heavy Usage,0.5597868151982779,游댮 Critical,3212,52.65573770491803,False,游늴 Declining
57,31646.0,游댮 Heavy Usage,0.5593365342571779,游댮 Critical,2097,34.377049180327866,False,游늴 Declining
58,31275.0,游댮 Heavy Usage,0.5589742544992126,游댮 Critical,2599,42.60655737704918,False,游늴 Declining
59,31653.0,游댮 Heavy Usage,0.5576376555784832,游댮 Critical,2810,46.0655737704918,False,游늴 Declining
60,31325.0,游댮 Heavy Usage,0.5560982502265079,游댮 Critical,2322,38.0655737704918,False,游늴 Declining
61,31131.0,游댮 Heavy Usage,0.5542894289162974,游댮 Critical,3077,50.442622950819676,False,游늴 Declining
62,31628.0,游댮 Heavy Usage,0.5538531450425959,游댮 Critical,2933,48.08196721311475,False,游늴 Declining
63,31505.0,游댮 Heavy Usage,0.5529927247425669,游댮 Critical,2591,42.47540983606557,False,游늴 Declining
64,31213.0,游댮 Heavy Usage,0.5522456940056619,游댮 Critical,2860,46.885245901639344,False,游늴 Declining
65,31126.0,游댮 Heavy Usage,0.5505582877069419,游댮 Critical,3311,54.278688524590166,False,游늴 Declining
66,31651.0,游댮 Heavy Usage,0.5501313477495484,游댮 Critical,2654,43.50819672131148,False,游늴 Declining
67,30201.0,游댮 Heavy Usage,0.548024534284328,游리 Warning,2168,35.540983606557376,False,游늴 Declining
68,31116.0,游댮 Heavy Usage,0.5463627374824951,游리 Warning,2983,48.90163934426229,False,游늴 Declining
69,31117.0,游댮 Heavy Usage,0.545716250838172,游리 Warning,3339,54.73770491803279,False,游늴 Declining
70,31234.0,游댮 Heavy Usage,0.5449320651734428,游리 Warning,2761,45.26229508196721,False,游늴 Declining
71,31299.0,游댮 Heavy Usage,0.5449027832715747,游리 Warning,2788,45.704918032786885,False,游늴 Declining
72,31503.0,游댮 Heavy Usage,0.5442596785078402,游리 Warning,2341,38.377049180327866,False,游늴 Declining
73,31205.0,游댮 Heavy Usage,0.5441993258240341,游리 Warning,2463,40.377049180327866,False,游늴 Declining
74,31666.0,游댮 Heavy Usage,0.5431772225495943,游리 Warning,2260,37.049180327868854,False,游늴 Declining
75,31327.0,游댮 Heavy Usage,0.5425883871496968,游리 Warning,2958,48.49180327868852,False,游늴 Declining
76,31655.0,游댮 Heavy Usage,0.5421760538398752,游리 Warning,2649,43.42622950819672,False,游늴 Declining
77,31271.0,游댮 Heavy Usage,0.5391264239355322,游리 Warning,1778,29.147540983606557,False,俱뫮잺 Stable
78,31291.0,游댮 Heavy Usage,0.5388140294146664,游리 Warning,2084,34.16393442622951,False,游늴 Declining
79,31531.0,游댮 Heavy Usage,0.5382874388096295,游리 Warning,2428,39.80327868852459,False,游늴 Declining
80,31419.0,游댮 Heavy Usage,0.5374937660046273,游리 Warning,2225,36.47540983606557,False,游늴 Declining
81,31619.0,游댮 Heavy Usage,0.5373748167712714,游리 Warning,2461,40.34426229508197,False,游늴 Declining
82,31135.0,游댮 Heavy Usage,0.5365758703201141,游리 Warning,2963,48.57377049180328,False,游늴 Declining
83,31245.0,游댮 Heavy Usage,0.5345208892146519,游리 Warning,2611,42.80327868852459,False,游늴 Declining
84,31533.0,游댮 Heavy Usage,0.5337807339373355,游리 Warning,2847,46.67213114754098,False,游늴 Declining
85,31611.0,游댮 Heavy Usage,0.5328919180982237,游리 Warning,2685,44.01639344262295,False,游늴 Declining
86,31285.0,游댮 Heavy Usage,0.532171112162506,游리 Warning,2323,38.08196721311475,False,游늴 Declining
87,31249.0,游릭 Light Usage,0.5309518023473067,游리 Warning,1617,26.508196721311474,True,游늴 Declining
88,31677.0,游댮 Heavy Usage,0.5306479001817499,游리 Warning,1567,25.688524590163933,False,游늴 Declining
89,31136.0,游댮 Heavy Usage,0.5292293428242528,游리 Warning,1843,30.21311475409836,False,游늴 Declining
90,31401.0,游댮 Heavy Usage,0.5280784023762086,游리 Warning,2713,44.47540983606557,False,游늴 Declining
91,31133.0,游댮 Heavy Usage,0.5273365656509679,游리 Warning,2430,39.83606557377049,False,游늴 Declining
92,31509.0,游댮 Heavy Usage,0.526442056750497,游리 Warning,2003,32.83606557377049,False,游늴 Declining
93,31267.0,游댮 Heavy Usage,0.5263547127906144,游리 Warning,1984,32.52459016393443,False,游늴 Declining
94,31641.0,游댮 Heavy Usage,0.5258091712665447,游리 Warning,2715,44.50819672131148,False,游늴 Declining
95,31221.0,游댮 Heavy Usage,0.5257133775833416,游리 Warning,1949,31.950819672131146,False,游늴 Declining
96,31336.0,游댮 Heavy Usage,0.5255291993099247,游리 Warning,2520,41.31147540983606,False,游늴 Declining
97,31828.0,游댮 Heavy Usage,0.5252397025026774,游리 Warning,2470,40.49180327868852,False,游늴 Declining
98,31269.0,游댮 Heavy Usage,0.5245055696022649,游리 Warning,1956,32.0655737704918,False,游늴 Declining
99,31286.0,游댮 Heavy Usage,0.5217045579511526,游리 Warning,2501,41.0,False,游늴 Declining
100,31639.0,游댮 Heavy Usage,0.5213166306592056,游리 Warning,2283,37.42622950819672,False,游늴 Declining
101,31616.0,游댮 Heavy Usage,0.5209503798387483,游리 Warning,2662,43.63934426229508,False,游늴 Declining
102,31328.0,游댮 Heavy Usage,0.5203310157530718,游리 Warning,1942,31.83606557377049,False,游늴 Declining
103,31610.0,游댮 Heavy Usage,0.5203278940573822,游리 Warning,2525,41.39344262295082,False,游늴 Declining
104,31282.0,游댮 Heavy Usage,0.5192690866071183,游리 Warning,2360,38.68852459016394,False,游늴 Declining
105,31272.0,游댮 Heavy Usage,0.5185559082827556,游리 Warning,1569,25.721311475409838,False,俱뫮잺 Stable
106,31113.0,游댮 Heavy Usage,0.517753244304626,游리 Warning,2591,42.47540983606557,False,游늴 Declining
107,31130.0,游댮 Heavy Usage,0.5156733133732854,游리 Warning,2244,36.78688524590164,False,游늴 Declining
108,31332.0,游댮 Heavy Usage,0.5143496999633039,游리 Warning,1971,32.31147540983606,False,游늴 Declining
109,31536.0,游댮 Heavy Usage,0.5140968063157645,游리 Warning,2358,38.65573770491803,False,游늴 Declining
110,31265.0,游댮 Heavy Usage,0.5136058762412241,游리 Warning,2633,43.16393442622951,False,游늴 Declining
111,31219.0,游댮 Heavy Usage,0.5130888830405813,游리 Warning,1362,22.327868852459016,False,俱뫮잺 Stable
112,31132.0,游댮 Heavy Usage,0.5128556120519547,游리 Warning,2297,37.65573770491803,False,游늴 Declining
113,31118.0,游댮 Heavy Usage,0.5087351612866329,游리 Warning,2052,33.63934426229508,False,游늴 Declining
114,31120.0,游댮 Heavy Usage,0.5086415759869578,游리 Warning,2436,39.9344262295082,False,游늴 Declining
115,31400.0,游댮 Heavy Usage,0.5073589240532808,游리 Warning,2093,34.31147540983606,False,游늴 Declining
116,31121.0,游댮 Heavy Usage,0.5066352767443354,游리 Warning,2072,33.967213114754095,False,游늴 Declining
117,31232.0,游댮 Heavy Usage,0.505548834737392,游리 Warning,1940,31.80327868852459,False,俱뫮잺 Stable
118,31604.0,游댮 Heavy Usage,0.5054629581390605,游리 Warning,2081,34.114754098360656,False,游늴 Declining
119,31237.0,游댮 Heavy Usage,0.5039971615682561,游리 Warning,2658,43.57377049180328,False,游늴 Declining
120,31210.0,游댮 Heavy Usage,0.5035206958600011,游리 Warning,1956,32.0655737704918,False,游늴 Declining
121,31115.0,游댮 Heavy Usage,0.5023816648521804,游리 Warning,2126,34.85245901639344,False,游늴 Declining
122,31110.0,游댮 Heavy Usage,0.5016203058397782,游리 Warning,2034,33.34426229508197,False,游늴 Declining
123,31540.0,游댮 Heavy Usage,0.5011189898841317,游리 Warning,1885,30.901639344262296,False,游늴 Declining
124,31251.0,游댮 Heavy Usage,0.5000849876539408,游리 Warning,2074,34.0,False,游늴 Declining
125,31618.0,游댮 Heavy Usage,0.49806305627635816,游리 Warning,1948,31.934426229508198,False,游늴 Declining
126,31298.0,游댮 Heavy Usage,0.49553568304043716,游리 Warning,1871,30.672131147540984,False,游늴 Declining
127,31631.0,游댮 Heavy Usage,0.4939123143771313,游리 Warning,1909,31.295081967213115,False,游늴 Declining
128,31517.0,游댮 Heavy Usage,0.49125553162407976,游리 Warning,1818,29.80327868852459,False,游늴 Declining
129,31268.0,游댮 Heavy Usage,0.49097994539957374,游리 Warning,2003,32.83606557377049,False,游늴 Declining
130,31264.0,游댮 Heavy Usage,0.4906863296273829,游리 Warning,1594,26.131147540983605,False,游늴 Declining
131,31263.0,游댮 Heavy Usage,0.4881608470761767,游리 Warning,1896,31.081967213114755,False,游늴 Declining
132,31643.0,游댮 Heavy Usage,0.48771444332999214,游리 Warning,1737,28.475409836065573,False,游늴 Declining
133,31209.0,游댮 Heavy Usage,0.48758359389305483,游리 Warning,1464,24.0,False,游늴 Declining
134,31109.0,游댮 Heavy Usage,0.48745004225915556,游리 Warning,1651,27.065573770491802,False,游늴 Declining
135,31233.0,游댮 Heavy Usage,0.48627622499852224,游리 Warning,2159,35.39344262295082,False,游늴 Declining
136,31650.0,游댮 Heavy Usage,0.48511329576047685,游리 Warning,1520,24.918032786885245,False,游늴 Declining
137,31111.0,游댮 Heavy Usage,0.48217331839056266,游리 Warning,1698,27.83606557377049,False,游늴 Declining
138,31226.0,游댮 Heavy Usage,0.48056403673862885,游리 Warning,1941,31.81967213114754,False,游늴 Declining
139,31625.0,游댮 Heavy Usage,0.4775825793548957,游리 Warning,1821,29.852459016393443,False,俱뫮잺 Stable
140,31218.0,游댮 Heavy Usage,0.4768267033848415,游리 Warning,1387,22.737704918032787,False,俱뫮잺 Stable
141,31321.0,游릭 Light Usage,0.4740164139269456,游리 Warning,1675,27.459016393442624,True,游늴 Declining
142,31293.0,游댮 Heavy Usage,0.4717469525615105,游리 Warning,1490,24.42622950819672,False,俱뫮잺 Stable
143,30200.0,游댮 Heavy Usage,0.47091109379915935,游리 Warning,1545,25.327868852459016,False,俱뫮잺 Stable
144,31064.0,游릭 Light Usage,0.4684678226955733,游리 Warning,1039,17.0327868852459,True,游늴 Declining
145,31222.0,游댮 Heavy Usage,0.43695387478752146,游리 Warning,1463,23.983606557377048,False,俱뫮잺 Stable
146,31329.0,游리 Moderate Usage,0.42901324215967956,游리 Warning,55,0.9166666666666666,False,俱뫮잺 Stable
147,32038.0,游리 Moderate Usage,0.4230759829120741,游리 Warning,62,1.0163934426229508,False,俱뫮잺 Stable
148,31624.0,游댮 Heavy Usage,0.41736527593354117,游리 Warning,1665,27.295081967213115,False,俱뫮잺 Stable
149,31613.0,游리 Moderate Usage,0.41705593145892134,游리 Warning,722,38.0,False,游늴 Declining
150,31022.0,游리 Moderate Usage,0.41447637427612855,游리 Warning,1478,24.229508196721312,False,游늴 Declining
151,31230.0,游댮 Heavy Usage,0.41401921390476903,游리 Warning,2157,35.36065573770492,False,俱뫮잺 Stable
152,31636.0,游댮 Heavy Usage,0.4134892436518842,游리 Warning,1750,28.688524590163933,False,俱뫮잺 Stable
153,31123.0,游댮 Heavy Usage,0.4129617215255632,游리 Warning,2128,34.885245901639344,False,俱뫮잺 Stable
154,31257.0,游댮 Heavy Usage,0.41100805037876065,游리 Warning,2462,40.36065573770492,False,俱뫮잺 Stable
155,31605.0,游댮 Heavy Usage,0.4078832614840327,游리 Warning,1625,26.639344262295083,False,俱뫮잺 Stable
156,31238.0,游댮 Heavy Usage,0.40594268274652,游리 Warning,1656,27.147540983606557,False,俱뫮잺 Stable
157,31649.0,游댮 Heavy Usage,0.4036027863538615,游리 Warning,2153,35.295081967213115,False,俱뫮잺 Stable
158,31640.0,游댮 Heavy Usage,0.4023695732027945,游리 Warning,1991,32.63934426229508,False,俱뫮잺 Stable
159,31947.0,游댮 Heavy Usage,0.40181831784964134,游리 Warning,1729,28.34426229508197,False,俱뫮잺 Stable
160,31250.0,游댮 Heavy Usage,0.40102737944563965,游리 Warning,1805,29.112903225806452,False,俱뫮잺 Stable
161,31274.0,游댮 Heavy Usage,0.39957610089656126,游리 Warning,1325,21.721311475409838,False,俱뫮잺 Stable
162,31297.0,游댮 Heavy Usage,0.39915477561450896,游리 Warning,1423,23.327868852459016,False,俱뫮잺 Stable
163,31642.0,游리 Moderate Usage,0.3976336395970058,游리 Warning,1421,23.295081967213115,False,游늴 Declining
164,31242.0,游댮 Heavy Usage,0.39713394812833364,游리 Warning,1384,22.688524590163933,False,俱뫮잺 Stable
165,31519.0,游댮 Heavy Usage,0.39524687808212744,游리 Warning,1720,28.19672131147541,False,俱뫮잺 Stable
166,31622.0,游댮 Heavy Usage,0.390174099643571,游리 Warning,1675,27.459016393442624,False,俱뫮잺 Stable
167,31290.0,游릭 Light Usage,0.3892442968993142,游리 Warning,1190,19.508196721311474,True,俱뫮잺 Stable
168,31670.0,游댮 Heavy Usage,0.3887254660912427,游리 Warning,1451,23.78688524590164,False,俱뫮잺 Stable
169,31256.0,游댮 Heavy Usage,0.3876365927113396,游리 Warning,1384,22.688524590163933,False,俱뫮잺 Stable
170,31276.0,游댮 Heavy Usage,0.38747459919932875,游리 Warning,1384,22.688524590163933,False,俱뫮잺 Stable
171,31981.0,游리 Moderate Usage,0.38575321331026563,游리 Warning,335,5.491803278688525,False,俱뫮잺 Stable
172,31527.0,游댮 Heavy Usage,0.38568251632152145,游리 Warning,1520,24.918032786885245,False,俱뫮잺 Stable
173,31306.0,游댮 Heavy Usage,0.3827896566593281,游리 Warning,1591,26.081967213114755,False,俱뫮잺 Stable
174,31978.0,游릭 Light Usage,0.3827357272770275,游리 Warning,1092,17.901639344262296,True,俱뫮잺 Stable
175,31283.0,游댮 Heavy Usage,0.38143956143858865,游리 Warning,1642,26.918032786885245,False,俱뫮잺 Stable
176,31239.0,游댮 Heavy Usage,0.3811965791084382,游리 Warning,1633,26.770491803278688,False,俱뫮잺 Stable
177,31620.0,游댮 Heavy Usage,0.38050253537744383,游리 Warning,1613,26.442622950819672,False,俱뫮잺 Stable
178,31244.0,游댮 Heavy Usage,0.37893139530716874,游리 Warning,1432,23.475409836065573,False,俱뫮잺 Stable
179,32408.0,游리 Moderate Usage,0.378118465604889,游리 Warning,220,3.6065573770491803,False,俱뫮잺 Stable
180,31224.0,游댮 Heavy Usage,0.3758887268362921,游리 Warning,1551,25.42622950819672,False,俱뫮잺 Stable
181,31404.0,游댮 Heavy Usage,0.3746724157632273,游리 Warning,1529,25.065573770491802,False,俱뫮잺 Stable
182,32269.0,游리 Moderate Usage,0.3656219707764136,游리 Warning,74,1.2131147540983607,False,俱뫮잺 Stable
183,31320.0,游리 Moderate Usage,0.36381635444114907,游리 Warning,1117,18.311475409836067,False,游늴 Declining
184,31638.0,游리 Moderate Usage,0.3627756444728443,游리 Warning,1288,21.114754098360656,False,游늴 Declining
185,31301.0,游리 Moderate Usage,0.3621891604978976,游리 Warning,1040,17.049180327868854,False,游늴 Declining
186,31803.0,游리 Moderate Usage,0.36202177438608507,游리 Warning,127,2.081967213114754,False,俱뫮잺 Stable
187,31127.0,游리 Moderate Usage,0.36194308755325916,游리 Warning,1378,22.59016393442623,False,游늴 Declining
188,31337.0,游리 Moderate Usage,0.35967583330528585,游리 Warning,1135,18.60655737704918,False,游늴 Declining
189,31956.0,游리 Moderate Usage,0.3585885566994153,游리 Warning,157,2.6610169491525424,False,俱뫮잺 Stable
190,32230.0,游리 Moderate Usage,0.35769438755617233,游리 Warning,104,1.7049180327868851,False,俱뫮잺 Stable
191,31129.0,游릭 Light Usage,0.35519316820535135,游리 Warning,1488,24.39344262295082,True,俱뫮잺 Stable
192,31389.0,游리 Moderate Usage,0.3538042541883137,游리 Warning,86,1.4098360655737705,False,俱뫮잺 Stable
193,31106.0,游리 Moderate Usage,0.35310369982943046,游리 Warning,1179,19.327868852459016,False,游늴 Declining
194,31914.0,游리 Moderate Usage,0.3522930081096643,游리 Warning,98,1.6065573770491803,False,俱뫮잺 Stable
195,32413.0,游리 Moderate Usage,0.35123046131811025,游리 Warning,118,1.9344262295081966,False,俱뫮잺 Stable
196,31279.0,游리 Moderate Usage,0.34886459058984226,游릭 Stable,1212,19.868852459016395,False,俱뫮잺 Stable
197,31073.0,游리 Moderate Usage,0.3486149119252289,游릭 Stable,300,4.918032786885246,False,俱뫮잺 Stable
198,31235.0,游릭 Light Usage,0.34734148038708057,游릭 Stable,617,10.114754098360656,True,俱뫮잺 Stable
199,31408.0,游리 Moderate Usage,0.34360574876084904,游릭 Stable,1483,24.311475409836067,False,俱뫮잺 Stable
200,32423.0,游릭 Light Usage,0.34247774150536187,游릭 Stable,209,3.4262295081967213,True,俱뫮잺 Stable
201,31240.0,游릭 Light Usage,0.34171689676696443,游릭 Stable,631,10.344262295081966,True,俱뫮잺 Stable
202,31334.0,游리 Moderate Usage,0.33852420712971565,游릭 Stable,179,2.9833333333333334,False,俱뫮잺 Stable
203,31827.0,游리 Moderate Usage,0.3367373992046252,游릭 Stable,156,2.557377049180328,False,俱뫮잺 Stable
204,31017.0,游리 Moderate Usage,0.3352746951026635,游릭 Stable,785,12.868852459016393,False,俱뫮잺 Stable
205,31935.0,游리 Moderate Usage,0.334889047749201,游릭 Stable,327,5.360655737704918,False,俱뫮잺 Stable
206,31314.0,游릭 Light Usage,0.3345804645295022,游릭 Stable,816,13.37704918032787,True,俱뫮잺 Stable
207,31816.0,游리 Moderate Usage,0.33408744559559045,游릭 Stable,59,0.9672131147540983,False,俱뫮잺 Stable
208,31805.0,游리 Moderate Usage,0.33318019475158916,游릭 Stable,52,0.8524590163934426,False,俱뫮잺 Stable
209,33200.0,游리 Moderate Usage,0.33209918923607223,游릭 Stable,780,12.78688524590164,False,俱뫮잺 Stable
210,31633.0,游리 Moderate Usage,0.3313947344085038,游릭 Stable,908,14.885245901639344,False,俱뫮잺 Stable
211,31068.0,游리 Moderate Usage,0.33005372331268784,游릭 Stable,260,4.262295081967213,False,俱뫮잺 Stable
212,31518.0,游리 Moderate Usage,0.32920682944658314,游릭 Stable,1421,23.295081967213115,False,俱뫮잺 Stable
213,31969.0,游리 Moderate Usage,0.32917105771595584,游릭 Stable,796,13.049180327868852,False,俱뫮잺 Stable
214,32243.0,游리 Moderate Usage,0.3291507536076102,游릭 Stable,218,3.5737704918032787,False,俱뫮잺 Stable
215,32075.0,游리 Moderate Usage,0.3281775724880622,游릭 Stable,99,1.65,False,俱뫮잺 Stable
216,31817.0,游리 Moderate Usage,0.3277592607080533,游릭 Stable,61,1.0,False,俱뫮잺 Stable
217,31929.0,游릭 Light Usage,0.3265342526046923,游릭 Stable,443,7.262295081967213,True,俱뫮잺 Stable
218,31538.0,游리 Moderate Usage,0.32616665949397694,游릭 Stable,71,1.1833333333333333,False,俱뫮잺 Stable
219,31936.0,游리 Moderate Usage,0.32546913714566683,游릭 Stable,159,2.6065573770491803,False,俱뫮잺 Stable
220,31933.0,游릭 Light Usage,0.3251015627109338,游릭 Stable,149,2.442622950819672,True,俱뫮잺 Stable
221,32406.0,游릭 Light Usage,0.32496531737273043,游릭 Stable,51,0.8360655737704918,True,俱뫮잺 Stable
222,31726.0,游리 Moderate Usage,0.3233404644670474,游릭 Stable,50,0.819672131147541,False,俱뫮잺 Stable
223,31231.0,游리 Moderate Usage,0.3229230112658877,游릭 Stable,1179,19.327868852459016,False,俱뫮잺 Stable
224,32002.0,游릭 Light Usage,0.322915022884395,游릭 Stable,343,5.622950819672131,False,俱뫮잺 Stable
225,31945.0,游리 Moderate Usage,0.32090741189492117,游릭 Stable,182,2.9836065573770494,False,俱뫮잺 Stable
226,31287.0,游리 Moderate Usage,0.3199815489905088,游릭 Stable,776,12.721311475409836,False,俱뫮잺 Stable
227,32055.0,游릭 Light Usage,0.3198715088123102,游릭 Stable,353,5.786885245901639,False,俱뫮잺 Stable
228,31030.0,游리 Moderate Usage,0.31862862443495316,游릭 Stable,849,13.918032786885245,False,俱뫮잺 Stable
229,31507.0,游리 Moderate Usage,0.31849814742044263,游릭 Stable,1017,16.672131147540984,False,俱뫮잺 Stable
230,32418.0,游리 Moderate Usage,0.3183569931224849,游릭 Stable,859,14.081967213114755,False,俱뫮잺 Stable
231,32220.0,游릭 Light Usage,0.3183137868608889,游릭 Stable,56,1.018181818181818,False,俱뫮잺 Stable
232,32210.0,游리 Moderate Usage,0.3180292322583615,游릭 Stable,65,1.1818181818181819,False,俱뫮잺 Stable
233,31303.0,游리 Moderate Usage,0.3175731692669703,游릭 Stable,1611,26.40983606557377,False,俱뫮잺 Stable
234,31012.0,游리 Moderate Usage,0.31577991815642187,游릭 Stable,249,4.081967213114754,False,俱뫮잺 Stable
235,31811.0,游리 Moderate Usage,0.3143767012435103,游릭 Stable,50,0.819672131147541,False,俱뫮잺 Stable
236,31302.0,游리 Moderate Usage,0.31388273627304997,游릭 Stable,1556,25.508196721311474,False,俱뫮잺 Stable
237,31515.0,游리 Moderate Usage,0.31358328462429125,游릭 Stable,1819,29.81967213114754,False,俱뫮잺 Stable
238,32216.0,游리 Moderate Usage,0.31267093871208534,游릭 Stable,75,1.271186440677966,False,俱뫮잺 Stable
239,31070.0,游리 Moderate Usage,0.3123790971218909,游릭 Stable,186,3.875,False,俱뫮잺 Stable
240,31708.0,游리 Moderate Usage,0.31198360444751366,游릭 Stable,161,2.683333333333333,False,俱뫮잺 Stable
241,31529.0,游리 Moderate Usage,0.31180530597340117,游릭 Stable,958,15.704918032786885,False,俱뫮잺 Stable
242,31087.0,游리 Moderate Usage,0.3092411762467546,游릭 Stable,263,4.311475409836065,False,俱뫮잺 Stable
243,31510.0,游리 Moderate Usage,0.3083712645874186,游릭 Stable,164,2.7796610169491527,False,俱뫮잺 Stable
244,31211.0,游리 Moderate Usage,0.3071917185331474,游릭 Stable,820,13.442622950819672,False,俱뫮잺 Stable
245,31807.0,游리 Moderate Usage,0.30640645178637776,游릭 Stable,143,2.3442622950819674,False,俱뫮잺 Stable
246,31028.0,游리 Moderate Usage,0.30406465334588023,游릭 Stable,284,4.655737704918033,False,俱뫮잺 Stable
247,31919.0,游리 Moderate Usage,0.3036842879684113,游릭 Stable,399,6.540983606557377,False,俱뫮잺 Stable
248,32067.0,游릭 Light Usage,0.30214543378966974,游릭 Stable,54,0.9473684210526315,False,俱뫮잺 Stable
249,31669.0,游리 Moderate Usage,0.301944442655237,游릭 Stable,902,14.78688524590164,False,俱뫮잺 Stable
250,31019.0,游리 Moderate Usage,0.30148807472492134,游릭 Stable,743,12.180327868852459,False,俱뫮잺 Stable
251,31702.0,游리 Moderate Usage,0.3003771468995954,游릭 Stable,52,0.8813559322033898,False,俱뫮잺 Stable
252,31541.0,游리 Moderate Usage,0.29996072403616597,游릭 Stable,545,8.934426229508198,False,俱뫮잺 Stable
253,31700.0,游리 Moderate Usage,0.29922108424034677,游릭 Stable,63,1.0327868852459017,False,俱뫮잺 Stable
254,31812.0,游릭 Light Usage,0.29876140161404285,游릭 Stable,106,1.7666666666666666,False,俱뫮잺 Stable
255,32607.0,游리 Moderate Usage,0.2987225479959457,游릭 Stable,64,1.0847457627118644,False,俱뫮잺 Stable
256,31962.0,游리 Moderate Usage,0.2985740599813784,游릭 Stable,55,1.0377358490566038,False,俱뫮잺 Stable
257,31071.0,游리 Moderate Usage,0.2977185520241228,游릭 Stable,1013,16.60655737704918,False,俱뫮잺 Stable
258,32224.0,游릭 Light Usage,0.29754514012350747,游릭 Stable,61,1.1296296296296295,False,俱뫮잺 Stable
259,31420.0,游리 Moderate Usage,0.2959396717163103,游릭 Stable,355,5.819672131147541,False,俱뫮잺 Stable
260,31672.0,游리 Moderate Usage,0.29592623615727365,游릭 Stable,1445,23.688524590163933,False,俱뫮잺 Stable
261,31659.0,游리 Moderate Usage,0.29457653522805116,游릭 Stable,1139,18.672131147540984,False,俱뫮잺 Stable
262,32229.0,游릭 Light Usage,0.2939353101922322,游릭 Stable,56,0.9333333333333333,False,俱뫮잺 Stable
263,31089.0,游리 Moderate Usage,0.2937618808332798,游릭 Stable,1218,19.9672131147541,False,俱뫮잺 Stable
264,31526.0,游리 Moderate Usage,0.293466511303897,游릭 Stable,173,2.8360655737704916,False,俱뫮잺 Stable
265,31904.0,游리 Moderate Usage,0.29336970631327425,游릭 Stable,643,10.540983606557377,False,俱뫮잺 Stable
266,32212.0,游리 Moderate Usage,0.2933031236232364,游릭 Stable,71,1.1639344262295082,False,俱뫮잺 Stable
267,31652.0,游리 Moderate Usage,0.2915314867382236,游릭 Stable,1580,25.901639344262296,False,俱뫮잺 Stable
268,31021.0,游리 Moderate Usage,0.2913898741091101,游릭 Stable,460,7.540983606557377,False,俱뫮잺 Stable
269,31049.0,游리 Moderate Usage,0.2911288398316658,游릭 Stable,490,8.032786885245901,False,俱뫮잺 Stable
270,31062.0,游릭 Light Usage,0.2908654286418477,游릭 Stable,688,11.278688524590164,False,俱뫮잺 Stable
271,31645.0,游리 Moderate Usage,0.29012663683600265,游릭 Stable,1303,21.360655737704917,False,俱뫮잺 Stable
272,31061.0,游리 Moderate Usage,0.2897617233687962,游릭 Stable,124,2.066666666666667,False,俱뫮잺 Stable
273,31137.0,游리 Moderate Usage,0.2892799715594921,游릭 Stable,1284,21.049180327868854,False,俱뫮잺 Stable
274,31663.0,游리 Moderate Usage,0.2887600310074478,游릭 Stable,1441,23.62295081967213,False,俱뫮잺 Stable
275,31524.0,游리 Moderate Usage,0.28861542855264133,游릭 Stable,878,14.39344262295082,False,俱뫮잺 Stable
276,31105.0,游리 Moderate Usage,0.28806804378369744,游릭 Stable,1279,20.9672131147541,False,俱뫮잺 Stable
277,31960.0,游리 Moderate Usage,0.28801235902563443,游릭 Stable,380,6.229508196721311,False,俱뫮잺 Stable
278,32059.0,游리 Moderate Usage,0.2878975966653326,游릭 Stable,56,0.9333333333333333,False,俱뫮잺 Stable
279,31920.0,游리 Moderate Usage,0.28767766073291245,游릭 Stable,544,8.918032786885245,False,俱뫮잺 Stable
280,31905.0,游리 Moderate Usage,0.2875577857907666,游릭 Stable,292,4.786885245901639,False,俱뫮잺 Stable
281,31660.0,游리 Moderate Usage,0.28752599198019063,游릭 Stable,1054,17.278688524590162,False,俱뫮잺 Stable
282,31626.0,游리 Moderate Usage,0.28727553859758204,游릭 Stable,1148,18.81967213114754,False,俱뫮잺 Stable
283,31075.0,游리 Moderate Usage,0.2869879572590662,游릭 Stable,156,2.557377049180328,False,俱뫮잺 Stable
284,32420.0,游리 Moderate Usage,0.28658705995688494,游릭 Stable,576,9.442622950819672,False,俱뫮잺 Stable
285,31951.0,游릭 Light Usage,0.28638423801322044,游릭 Stable,180,2.9508196721311477,False,俱뫮잺 Stable
286,31667.0,游리 Moderate Usage,0.2863382307202475,游릭 Stable,798,13.081967213114755,False,俱뫮잺 Stable
287,31403.0,游리 Moderate Usage,0.28626477298543446,游릭 Stable,550,9.01639344262295,False,俱뫮잺 Stable
288,31335.0,游리 Moderate Usage,0.28609205101860363,游릭 Stable,970,15.901639344262295,False,俱뫮잺 Stable
289,31804.0,游리 Moderate Usage,0.2857293490252451,游릭 Stable,109,1.8166666666666667,False,俱뫮잺 Stable
290,31721.0,游리 Moderate Usage,0.28557460845313726,游릭 Stable,204,3.3442622950819674,False,俱뫮잺 Stable
291,32410.0,游리 Moderate Usage,0.2850126279722941,游릭 Stable,146,2.3934426229508197,False,俱뫮잺 Stable
292,31259.0,游리 Moderate Usage,0.28472440471822746,游릭 Stable,453,7.426229508196721,False,俱뫮잺 Stable
293,31260.0,游리 Moderate Usage,0.28447674204845985,游릭 Stable,1215,19.918032786885245,False,俱뫮잺 Stable
294,31000.0,游리 Moderate Usage,0.2839563787056933,游릭 Stable,636,10.426229508196721,False,俱뫮잺 Stable
295,31393.0,游리 Moderate Usage,0.28385914863818873,游릭 Stable,1251,20.508196721311474,False,俱뫮잺 Stable
296,31901.0,游리 Moderate Usage,0.2836222730975253,游릭 Stable,51,0.8360655737704918,False,俱뫮잺 Stable
297,32037.0,游릭 Light Usage,0.2835114930156753,游릭 Stable,72,1.180327868852459,False,俱뫮잺 Stable
298,32050.0,游릭 Light Usage,0.28314609743994035,游릭 Stable,81,1.3278688524590163,False,俱뫮잺 Stable
299,31091.0,游리 Moderate Usage,0.28310635298005005,游릭 Stable,413,6.770491803278689,False,俱뫮잺 Stable
300,31546.0,游리 Moderate Usage,0.28292130956736267,游릭 Stable,86,1.4333333333333333,False,俱뫮잺 Stable
301,31003.0,游리 Moderate Usage,0.2824232641530396,游릭 Stable,614,10.065573770491802,False,俱뫮잺 Stable
302,31078.0,游리 Moderate Usage,0.2820215675298038,游릭 Stable,324,5.785714285714286,False,俱뫮잺 Stable
303,31407.0,游리 Moderate Usage,0.28195734653518745,游릭 Stable,724,11.868852459016393,False,俱뫮잺 Stable
304,31099.0,游리 Moderate Usage,0.2815579448498088,游릭 Stable,93,1.5245901639344261,False,俱뫮잺 Stable
305,31427.0,游리 Moderate Usage,0.28137060620970855,游릭 Stable,60,1.0,False,俱뫮잺 Stable
306,31630.0,游리 Moderate Usage,0.28014495608267614,游릭 Stable,1081,17.721311475409838,False,俱뫮잺 Stable
307,31261.0,游리 Moderate Usage,0.27934606559815245,游릭 Stable,447,7.327868852459017,False,俱뫮잺 Stable
308,31511.0,游리 Moderate Usage,0.2790466819160984,游릭 Stable,444,7.278688524590164,False,俱뫮잺 Stable
309,31093.0,游리 Moderate Usage,0.2789873312509493,游릭 Stable,460,7.540983606557377,False,俱뫮잺 Stable
310,31227.0,游리 Moderate Usage,0.2785651911153435,游릭 Stable,1179,19.327868852459016,False,俱뫮잺 Stable
311,31207.0,游리 Moderate Usage,0.27843570111723626,游릭 Stable,921,15.098360655737705,False,俱뫮잺 Stable
312,32232.0,游리 Moderate Usage,0.27749356784012946,游릭 Stable,54,0.9,False,俱뫮잺 Stable
313,31423.0,游리 Moderate Usage,0.2774152976952997,游릭 Stable,347,5.688524590163935,False,俱뫮잺 Stable
314,31725.0,游리 Moderate Usage,0.2774111537465399,游릭 Stable,700,11.475409836065573,False,俱뫮잺 Stable
315,31217.0,游릭 Light Usage,0.2771550237068772,游릭 Stable,616,10.098360655737705,False,俱뫮잺 Stable
316,32430.0,游릭 Light Usage,0.27703823752999257,游릭 Stable,107,1.7833333333333334,False,俱뫮잺 Stable
317,31917.0,游리 Moderate Usage,0.27677285410748953,游릭 Stable,807,13.229508196721312,False,俱뫮잺 Stable
318,31705.0,游리 Moderate Usage,0.2766209794766999,游릭 Stable,74,1.2131147540983607,False,俱뫮잺 Stable
319,32608.0,游리 Moderate Usage,0.2761216542372892,游릭 Stable,107,1.7540983606557377,False,俱뫮잺 Stable
320,31820.0,游릭 Light Usage,0.2758145629410458,游릭 Stable,85,1.4166666666666667,False,俱뫮잺 Stable
321,31716.0,游리 Moderate Usage,0.2756828813945724,游릭 Stable,158,2.5901639344262297,False,俱뫮잺 Stable
322,32242.0,游릭 Light Usage,0.27561740826997083,游릭 Stable,88,1.6,False,俱뫮잺 Stable
323,31530.0,游리 Moderate Usage,0.2754087810519993,游릭 Stable,305,5.0,False,俱뫮잺 Stable
324,31270.0,游리 Moderate Usage,0.27515694522020473,游릭 Stable,1040,17.049180327868854,False,俱뫮잺 Stable
325,31037.0,游리 Moderate Usage,0.2749904348863905,游릭 Stable,1103,18.081967213114755,False,俱뫮잺 Stable
326,31095.0,游리 Moderate Usage,0.27426487147595574,游릭 Stable,62,1.0333333333333334,False,俱뫮잺 Stable
327,31386.0,游릭 Light Usage,0.2741714463220247,游릭 Stable,52,1.0612244897959184,False,俱뫮잺 Stable
328,31516.0,游리 Moderate Usage,0.2740631997189411,游릭 Stable,1055,17.295081967213115,False,俱뫮잺 Stable
329,31304.0,游리 Moderate Usage,0.2738944272755407,游릭 Stable,843,13.819672131147541,False,俱뫮잺 Stable
330,31647.0,游리 Moderate Usage,0.27259224154038264,游릭 Stable,1172,19.21311475409836,False,俱뫮잺 Stable
331,31938.0,游리 Moderate Usage,0.2722208959212623,游릭 Stable,189,3.098360655737705,False,俱뫮잺 Stable
332,31340.0,游리 Moderate Usage,0.2718997540337101,游릭 Stable,61,2.5416666666666665,False,俱뫮잺 Stable
333,32008.0,游리 Moderate Usage,0.27179235316023753,游릭 Stable,266,4.360655737704918,False,俱뫮잺 Stable
334,31322.0,游리 Moderate Usage,0.2717534736001013,游릭 Stable,333,5.459016393442623,False,俱뫮잺 Stable
335,31543.0,游리 Moderate Usage,0.27168077953899117,游릭 Stable,153,2.55,False,俱뫮잺 Stable
336,32427.0,游릭 Light Usage,0.27113671969249864,游릭 Stable,123,2.0163934426229506,False,俱뫮잺 Stable
337,31674.0,游리 Moderate Usage,0.2709818065849572,游릭 Stable,1117,18.311475409836067,False,俱뫮잺 Stable
338,31976.0,游리 Moderate Usage,0.2709431305626201,游릭 Stable,220,3.6065573770491803,False,俱뫮잺 Stable
339,31525.0,游리 Moderate Usage,0.2707448697716647,游릭 Stable,657,10.770491803278688,False,俱뫮잺 Stable
340,31014.0,游리 Moderate Usage,0.27028085390595924,游릭 Stable,776,12.721311475409836,False,俱뫮잺 Stable
341,31712.0,游리 Moderate Usage,0.26935302189157256,游릭 Stable,688,11.278688524590164,False,俱뫮잺 Stable
342,31079.0,游리 Moderate Usage,0.2693059955952818,游릭 Stable,527,8.639344262295081,False,俱뫮잺 Stable
343,32026.0,游리 Moderate Usage,0.26926062479954516,游릭 Stable,348,5.704918032786885,False,俱뫮잺 Stable
344,31253.0,游리 Moderate Usage,0.2691619639875309,游릭 Stable,1256,20.59016393442623,False,俱뫮잺 Stable
345,31661.0,游리 Moderate Usage,0.2685226645948954,游릭 Stable,1369,22.442622950819672,False,俱뫮잺 Stable
346,31326.0,游리 Moderate Usage,0.2685114034482403,游릭 Stable,923,15.131147540983607,False,俱뫮잺 Stable
347,31621.0,游리 Moderate Usage,0.2674284697925267,游릭 Stable,793,13.0,False,俱뫮잺 Stable
348,31081.0,游리 Moderate Usage,0.2670716522567341,游릭 Stable,141,2.3114754098360657,False,俱뫮잺 Stable
349,31514.0,游리 Moderate Usage,0.26676293817882707,游릭 Stable,1101,18.049180327868854,False,俱뫮잺 Stable
350,31056.0,游리 Moderate Usage,0.2665362981409434,游릭 Stable,291,4.770491803278689,False,俱뫮잺 Stable
351,32053.0,游릭 Light Usage,0.26645977950123584,游릭 Stable,148,2.4262295081967213,False,俱뫮잺 Stable
352,31949.0,游리 Moderate Usage,0.2662749394154653,游릭 Stable,126,2.1,False,俱뫮잺 Stable
353,32046.0,游릭 Light Usage,0.2657704870441331,游릭 Stable,326,5.344262295081967,False,俱뫮잺 Stable
354,31657.0,游리 Moderate Usage,0.26571169033904385,游릭 Stable,1341,21.983606557377048,False,俱뫮잺 Stable
355,31720.0,游릭 Light Usage,0.2656428421259006,游릭 Stable,140,2.3333333333333335,False,俱뫮잺 Stable
356,31921.0,游리 Moderate Usage,0.26536087304284295,游릭 Stable,166,2.721311475409836,False,俱뫮잺 Stable
357,31424.0,游리 Moderate Usage,0.26493447473342396,游릭 Stable,687,11.262295081967213,False,俱뫮잺 Stable
358,31411.0,游리 Moderate Usage,0.26480307464835573,游릭 Stable,755,12.37704918032787,False,俱뫮잺 Stable
359,31216.0,游리 Moderate Usage,0.2646349667012287,游릭 Stable,1055,17.295081967213115,False,俱뫮잺 Stable
360,31957.0,游리 Moderate Usage,0.2645958262137508,游릭 Stable,56,0.9491525423728814,False,俱뫮잺 Stable
361,31644.0,游리 Moderate Usage,0.26422607938931963,游릭 Stable,895,14.672131147540984,False,俱뫮잺 Stable
362,31294.0,游리 Moderate Usage,0.2641554149701444,游릭 Stable,615,10.081967213114755,False,俱뫮잺 Stable
363,31417.0,游리 Moderate Usage,0.26414230880474077,游릭 Stable,960,15.737704918032787,False,俱뫮잺 Stable
364,31544.0,游리 Moderate Usage,0.26401019187083263,游릭 Stable,82,1.3442622950819672,False,俱뫮잺 Stable
365,31970.0,游리 Moderate Usage,0.2639619642243969,游릭 Stable,240,3.9344262295081966,False,俱뫮잺 Stable
366,32293.0,游릭 Light Usage,0.2626592782872695,游릭 Stable,52,0.8666666666666667,False,俱뫮잺 Stable
367,31307.0,游리 Moderate Usage,0.26134198098997696,游릭 Stable,1136,18.62295081967213,False,俱뫮잺 Stable
368,32403.0,游리 Moderate Usage,0.2611494357616654,游릭 Stable,317,5.19672131147541,False,俱뫮잺 Stable
369,31041.0,游릭 Light Usage,0.26107499388412425,游릭 Stable,375,6.147540983606557,False,俱뫮잺 Stable
370,31632.0,游리 Moderate Usage,0.26097802715754426,游릭 Stable,1139,18.672131147540984,False,俱뫮잺 Stable
371,31254.0,游리 Moderate Usage,0.2609730530451151,游릭 Stable,1200,19.672131147540984,False,俱뫮잺 Stable
372,31339.0,游리 Moderate Usage,0.2609660288583163,游릭 Stable,1245,20.40983606557377,False,俱뫮잺 Stable
373,31513.0,游리 Moderate Usage,0.2606643046002198,游릭 Stable,746,12.229508196721312,False,俱뫮잺 Stable
374,31634.0,游리 Moderate Usage,0.2602572749984402,游릭 Stable,1194,19.57377049180328,False,俱뫮잺 Stable
375,31031.0,游리 Moderate Usage,0.2601450126955537,游릭 Stable,589,9.655737704918034,False,俱뫮잺 Stable
376,31027.0,游리 Moderate Usage,0.2599802534776807,游릭 Stable,804,13.180327868852459,False,俱뫮잺 Stable
377,31415.0,游리 Moderate Usage,0.25967790084558234,游릭 Stable,266,4.360655737704918,False,俱뫮잺 Stable
378,31800.0,游리 Moderate Usage,0.2594740318252381,游릭 Stable,58,0.9830508474576272,False,俱뫮잺 Stable
379,31033.0,游리 Moderate Usage,0.2591076460938911,游릭 Stable,149,2.4833333333333334,False,俱뫮잺 Stable
380,31426.0,游리 Moderate Usage,0.2587137452660613,游릭 Stable,1006,16.491803278688526,False,俱뫮잺 Stable
381,31006.0,游리 Moderate Usage,0.25866997926631075,游릭 Stable,706,11.573770491803279,False,俱뫮잺 Stable
382,31521.0,游리 Moderate Usage,0.25863375771069236,游릭 Stable,156,2.557377049180328,False,俱뫮잺 Stable
383,31930.0,游리 Moderate Usage,0.25858081528416643,游릭 Stable,65,1.1016949152542372,False,俱뫮잺 Stable
384,31050.0,游리 Moderate Usage,0.2584946046077357,游릭 Stable,242,3.9672131147540983,False,俱뫮잺 Stable
385,31138.0,游리 Moderate Usage,0.25845093304519196,游릭 Stable,536,8.78688524590164,False,俱뫮잺 Stable
386,32078.0,游릭 Light Usage,0.2583174129715856,游릭 Stable,64,1.0666666666666667,False,俱뫮잺 Stable
387,32061.0,游리 Moderate Usage,0.2581648485392716,游릭 Stable,71,1.1639344262295082,False,俱뫮잺 Stable
388,31292.0,游릭 Light Usage,0.2580809219537623,游릭 Stable,889,14.573770491803279,False,俱뫮잺 Stable
389,31701.0,游리 Moderate Usage,0.25802862051240705,游릭 Stable,81,1.35,False,俱뫮잺 Stable
390,31606.0,游리 Moderate Usage,0.2579743216674967,游릭 Stable,1399,22.934426229508198,False,俱뫮잺 Stable
391,31072.0,游리 Moderate Usage,0.2579061208809945,游릭 Stable,96,1.6,False,俱뫮잺 Stable
392,31300.0,游리 Moderate Usage,0.2579028023364587,游릭 Stable,974,15.967213114754099,False,俱뫮잺 Stable
393,31255.0,游리 Moderate Usage,0.25775832222755957,游릭 Stable,1203,19.721311475409838,False,俱뫮잺 Stable
394,31522.0,游리 Moderate Usage,0.2575753382231705,游릭 Stable,1100,18.0327868852459,False,俱뫮잺 Stable
395,31024.0,游리 Moderate Usage,0.25728993386438287,游릭 Stable,962,15.770491803278688,False,俱뫮잺 Stable
396,32260.0,游리 Moderate Usage,0.2567985213231878,游릭 Stable,190,3.1147540983606556,False,俱뫮잺 Stable
397,31252.0,游리 Moderate Usage,0.2565921480949921,游릭 Stable,1090,17.868852459016395,False,俱뫮잺 Stable
398,31005.0,游리 Moderate Usage,0.2564354310635154,游릭 Stable,967,15.852459016393443,False,俱뫮잺 Stable
399,31100.0,游리 Moderate Usage,0.2563576551357063,游릭 Stable,820,13.442622950819672,False,俱뫮잺 Stable
400,32058.0,游리 Moderate Usage,0.2561994160761376,游릭 Stable,78,1.3448275862068966,False,俱뫮잺 Stable
401,31719.0,游리 Moderate Usage,0.25606403229624564,游릭 Stable,201,3.2950819672131146,False,俱뫮잺 Stable
402,31220.0,游리 Moderate Usage,0.2559131469159962,游릭 Stable,1193,19.557377049180328,False,俱뫮잺 Stable
403,31395.0,游리 Moderate Usage,0.25485867401663664,游릭 Stable,553,9.065573770491802,False,俱뫮잺 Stable
404,31928.0,游리 Moderate Usage,0.25483466193196946,游릭 Stable,101,1.6833333333333333,False,俱뫮잺 Stable
405,31016.0,游리 Moderate Usage,0.25473455177848836,游릭 Stable,761,12.475409836065573,False,俱뫮잺 Stable
406,32039.0,游리 Moderate Usage,0.2546314245174091,游릭 Stable,150,2.459016393442623,False,俱뫮잺 Stable
407,31421.0,游리 Moderate Usage,0.2545526413670255,游릭 Stable,1133,18.57377049180328,False,俱뫮잺 Stable
408,31537.0,游리 Moderate Usage,0.25452536001863946,游릭 Stable,101,1.6557377049180328,False,俱뫮잺 Stable
409,31678.0,游리 Moderate Usage,0.2540688304621322,游릭 Stable,912,14.950819672131148,False,俱뫮잺 Stable
410,31084.0,游리 Moderate Usage,0.2540553353987346,游릭 Stable,212,3.4754098360655736,False,俱뫮잺 Stable
411,32401.0,游릭 Light Usage,0.2538999313348652,游릭 Stable,77,1.2833333333333334,False,俱뫮잺 Stable
412,31392.0,游리 Moderate Usage,0.25376741967659555,游릭 Stable,876,14.360655737704919,False,俱뫮잺 Stable
413,31066.0,游리 Moderate Usage,0.25363549254961637,游릭 Stable,96,1.6,False,俱뫮잺 Stable
414,31637.0,游리 Moderate Usage,0.2534575687299781,游릭 Stable,936,15.344262295081966,False,俱뫮잺 Stable
415,31413.0,游리 Moderate Usage,0.25322794588094943,游릭 Stable,378,6.19672131147541,False,俱뫮잺 Stable
416,31262.0,游리 Moderate Usage,0.2530999596329948,游릭 Stable,1069,17.524590163934427,False,俱뫮잺 Stable
417,31090.0,游리 Moderate Usage,0.25282576215580177,游릭 Stable,163,2.716666666666667,False,俱뫮잺 Stable
418,31045.0,游리 Moderate Usage,0.25262543491209,游릭 Stable,228,3.737704918032787,False,俱뫮잺 Stable
419,31204.0,游리 Moderate Usage,0.25260451816890434,游릭 Stable,961,15.754098360655737,False,俱뫮잺 Stable
420,31020.0,游리 Moderate Usage,0.25223463918170363,游릭 Stable,419,6.868852459016393,False,俱뫮잺 Stable
421,31830.0,游릭 Light Usage,0.25194295530283706,游릭 Stable,81,1.3728813559322033,False,俱뫮잺 Stable
422,31011.0,游리 Moderate Usage,0.25189365775720307,游릭 Stable,538,8.819672131147541,False,俱뫮잺 Stable
423,32411.0,游릭 Light Usage,0.25175686719197254,游릭 Stable,112,1.8666666666666667,False,俱뫮잺 Stable
424,31523.0,游리 Moderate Usage,0.2517520842917821,游릭 Stable,1067,17.491803278688526,False,俱뫮잺 Stable
425,32605.0,游리 Moderate Usage,0.2513981738163621,游릭 Stable,128,2.1333333333333333,False,俱뫮잺 Stable
426,31675.0,游리 Moderate Usage,0.2512061134154736,游릭 Stable,682,11.180327868852459,False,俱뫮잺 Stable
427,31208.0,游리 Moderate Usage,0.25109763256785117,游릭 Stable,1159,19.0,False,俱뫮잺 Stable
428,31501.0,游리 Moderate Usage,0.25102348723860035,游릭 Stable,452,7.409836065573771,False,俱뫮잺 Stable
429,31418.0,游리 Moderate Usage,0.2509232421265926,游릭 Stable,947,15.524590163934427,False,俱뫮잺 Stable
430,31607.0,游리 Moderate Usage,0.2508632035730248,游릭 Stable,618,10.131147540983607,False,俱뫮잺 Stable
431,32021.0,游릭 Light Usage,0.25054633840896245,游릭 Stable,129,2.1147540983606556,False,俱뫮잺 Stable
432,31425.0,游리 Moderate Usage,0.2501000658799757,游릭 Stable,721,11.819672131147541,False,俱뫮잺 Stable
433,31060.0,游리 Moderate Usage,0.25009510522962747,游릭 Stable,343,5.622950819672131,False,俱뫮잺 Stable
434,31534.0,游리 Moderate Usage,0.24957643502772942,游릭 Stable,1076,17.639344262295083,False,俱뫮잺 Stable
435,31512.0,游리 Moderate Usage,0.24916961330741413,游릭 Stable,996,16.327868852459016,False,俱뫮잺 Stable
436,31412.0,游리 Moderate Usage,0.24904415528398066,游릭 Stable,588,9.639344262295081,False,俱뫮잺 Stable
437,32262.0,游릭 Light Usage,0.24895976606462145,游릭 Stable,115,1.8852459016393444,False,俱뫮잺 Stable
438,31648.0,游리 Moderate Usage,0.24873224481913578,游릭 Stable,584,9.573770491803279,False,俱뫮잺 Stable
439,31338.0,游리 Moderate Usage,0.24841625709521536,游릭 Stable,1239,20.311475409836067,False,俱뫮잺 Stable
440,31963.0,游릭 Light Usage,0.24820853339671767,游릭 Stable,101,1.7118644067796611,False,俱뫮잺 Stable
441,31656.0,游리 Moderate Usage,0.24820062368305917,游릭 Stable,965,15.819672131147541,False,俱뫮잺 Stable
442,31542.0,游리 Moderate Usage,0.24743608392426675,游릭 Stable,164,2.6885245901639343,False,俱뫮잺 Stable
443,31058.0,游리 Moderate Usage,0.2474103852981708,游릭 Stable,224,3.7333333333333334,False,俱뫮잺 Stable
444,31500.0,游리 Moderate Usage,0.24719344914007224,游릭 Stable,1058,17.34426229508197,False,俱뫮잺 Stable
445,31924.0,游리 Moderate Usage,0.24712512708687304,游릭 Stable,419,6.868852459016393,False,俱뫮잺 Stable
446,31504.0,游리 Moderate Usage,0.24709277993428158,游릭 Stable,766,12.557377049180328,False,俱뫮잺 Stable
447,31002.0,游릭 Light Usage,0.24708967142726626,游릭 Stable,669,10.967213114754099,False,俱뫮잺 Stable
448,32014.0,游리 Moderate Usage,0.24656369375476755,游릭 Stable,497,8.147540983606557,False,俱뫮잺 Stable
449,31629.0,游리 Moderate Usage,0.24625533841320313,游릭 Stable,948,15.540983606557377,False,俱뫮잺 Stable
450,31703.0,游리 Moderate Usage,0.24620574120636968,游릭 Stable,110,1.8333333333333333,False,俱뫮잺 Stable
451,31391.0,游리 Moderate Usage,0.24611177435356957,游릭 Stable,492,8.065573770491802,False,俱뫮잺 Stable
452,31654.0,游리 Moderate Usage,0.24585797579797536,游릭 Stable,458,7.508196721311475,False,俱뫮잺 Stable
453,32412.0,游리 Moderate Usage,0.2456919201141009,游릭 Stable,137,2.2459016393442623,False,俱뫮잺 Stable
454,31680.0,游리 Moderate Usage,0.24548617289718302,游릭 Stable,596,12.416666666666666,False,俱뫮잺 Stable
455,31038.0,游리 Moderate Usage,0.24530886932947935,游릭 Stable,346,5.672131147540983,False,俱뫮잺 Stable
456,31096.0,游리 Moderate Usage,0.24510523330745923,游릭 Stable,156,2.557377049180328,False,俱뫮잺 Stable
457,31048.0,游리 Moderate Usage,0.24454255788559795,游릭 Stable,295,4.836065573770492,False,俱뫮잺 Stable
458,31673.0,游리 Moderate Usage,0.24444461299103315,游릭 Stable,464,7.60655737704918,False,俱뫮잺 Stable
459,31926.0,游리 Moderate Usage,0.2444163005404835,游릭 Stable,333,5.459016393442623,False,俱뫮잺 Stable
460,31402.0,游리 Moderate Usage,0.24436088337124545,游릭 Stable,421,6.901639344262295,False,俱뫮잺 Stable
461,31046.0,游리 Moderate Usage,0.24416055382506735,游릭 Stable,128,2.098360655737705,False,俱뫮잺 Stable
462,31940.0,游리 Moderate Usage,0.24391032016695047,游릭 Stable,427,7.0,False,俱뫮잺 Stable
463,31635.0,游리 Moderate Usage,0.24377440967264252,游릭 Stable,566,9.278688524590164,False,俱뫮잺 Stable
464,31608.0,游리 Moderate Usage,0.24358201790190953,游릭 Stable,809,13.262295081967213,False,俱뫮잺 Stable
465,31206.0,游리 Moderate Usage,0.24340569919095278,游릭 Stable,432,7.081967213114754,False,俱뫮잺 Stable
466,31305.0,游리 Moderate Usage,0.24340262534861432,游릭 Stable,799,13.098360655737705,False,俱뫮잺 Stable
467,31004.0,游리 Moderate Usage,0.2431405415054511,游릭 Stable,276,4.6,False,俱뫮잺 Stable
468,31508.0,游리 Moderate Usage,0.24313143750215432,游릭 Stable,301,4.934426229508197,False,俱뫮잺 Stable
469,31979.0,游리 Moderate Usage,0.24303442909065465,游릭 Stable,424,6.950819672131147,False,俱뫮잺 Stable
470,31939.0,游리 Moderate Usage,0.24303104500400968,游릭 Stable,793,13.0,False,俱뫮잺 Stable
471,31051.0,游리 Moderate Usage,0.24290874850635835,游릭 Stable,367,6.016393442622951,False,俱뫮잺 Stable
472,31319.0,游리 Moderate Usage,0.24283305545878836,游릭 Stable,619,10.147540983606557,False,俱뫮잺 Stable
473,31067.0,游리 Moderate Usage,0.24243174038999227,游릭 Stable,210,3.442622950819672,False,俱뫮잺 Stable
474,31074.0,游리 Moderate Usage,0.24241786535325915,游릭 Stable,298,4.885245901639344,False,俱뫮잺 Stable
475,31025.0,游리 Moderate Usage,0.24229997368023018,游릭 Stable,456,7.475409836065574,False,俱뫮잺 Stable
476,31973.0,游리 Moderate Usage,0.2421709321831171,游릭 Stable,237,3.8852459016393444,False,俱뫮잺 Stable
477,32025.0,游리 Moderate Usage,0.24199898459502026,游릭 Stable,229,3.7540983606557377,False,俱뫮잺 Stable
478,31069.0,游리 Moderate Usage,0.24173925237217309,游릭 Stable,401,6.573770491803279,False,俱뫮잺 Stable
479,31959.0,游리 Moderate Usage,0.24146160899713043,游릭 Stable,411,6.737704918032787,False,俱뫮잺 Stable
480,31900.0,游리 Moderate Usage,0.24111131841101352,游릭 Stable,339,5.557377049180328,False,俱뫮잺 Stable
481,31094.0,游리 Moderate Usage,0.24089282439894474,游릭 Stable,89,1.4833333333333334,False,俱뫮잺 Stable
482,31405.0,游리 Moderate Usage,0.24088222384627375,游릭 Stable,375,6.147540983606557,False,俱뫮잺 Stable
483,31018.0,游리 Moderate Usage,0.24084942439054233,游릭 Stable,293,4.883333333333334,False,俱뫮잺 Stable
484,31065.0,游리 Moderate Usage,0.24066755902008566,游릭 Stable,344,5.639344262295082,False,俱뫮잺 Stable
485,31082.0,游리 Moderate Usage,0.24063006966975087,游릭 Stable,268,4.39344262295082,False,俱뫮잺 Stable
486,31923.0,游리 Moderate Usage,0.2405435967447873,游릭 Stable,165,2.7049180327868854,False,俱뫮잺 Stable
487,31912.0,游리 Moderate Usage,0.24046887641302803,游릭 Stable,136,2.2666666666666666,False,俱뫮잺 Stable
488,32012.0,游리 Moderate Usage,0.24033404935266392,游릭 Stable,230,3.7704918032786887,False,俱뫮잺 Stable
489,31055.0,游리 Moderate Usage,0.24027141028795002,游릭 Stable,242,3.9672131147540983,False,俱뫮잺 Stable
490,31601.0,游리 Moderate Usage,0.2402082104105864,游릭 Stable,894,14.655737704918034,False,俱뫮잺 Stable
491,31727.0,游리 Moderate Usage,0.23985727561460768,游릭 Stable,254,4.163934426229508,False,俱뫮잺 Stable
492,31668.0,游리 Moderate Usage,0.23937385384552423,游릭 Stable,911,14.934426229508198,False,俱뫮잺 Stable
493,31029.0,游리 Moderate Usage,0.23932062178950475,游릭 Stable,626,10.262295081967213,False,俱뫮잺 Stable
494,31313.0,游리 Moderate Usage,0.2392482523672802,游릭 Stable,448,7.344262295081967,False,俱뫮잺 Stable
495,31406.0,游리 Moderate Usage,0.2392102951782282,游릭 Stable,610,10.0,False,俱뫮잺 Stable
496,31039.0,游리 Moderate Usage,0.23915647790479927,游릭 Stable,1009,16.540983606557376,False,俱뫮잺 Stable
497,31394.0,游리 Moderate Usage,0.23910822071230142,游릭 Stable,434,7.114754098360656,False,俱뫮잺 Stable
498,31664.0,游리 Moderate Usage,0.23906181591130649,游릭 Stable,932,15.278688524590164,False,俱뫮잺 Stable
499,31528.0,游리 Moderate Usage,0.2390597685605875,游릭 Stable,388,6.360655737704918,False,俱뫮잺 Stable
500,31944.0,游리 Moderate Usage,0.23899657763882726,游릭 Stable,150,2.459016393442623,False,俱뫮잺 Stable
501,31054.0,游리 Moderate Usage,0.23804741999463408,游릭 Stable,172,2.8666666666666667,False,俱뫮잺 Stable
502,32419.0,游릭 Light Usage,0.23774105830197134,游릭 Stable,90,1.5,False,俱뫮잺 Stable
503,31047.0,游리 Moderate Usage,0.2375151414062355,游릭 Stable,191,3.1311475409836067,False,俱뫮잺 Stable
504,31316.0,游리 Moderate Usage,0.23743909470153787,游릭 Stable,179,2.9344262295081966,False,俱뫮잺 Stable
505,32057.0,游릭 Light Usage,0.23741352335320898,游릭 Stable,81,1.3728813559322033,False,俱뫮잺 Stable
506,31015.0,游리 Moderate Usage,0.23722904912856044,游릭 Stable,397,6.508196721311475,False,俱뫮잺 Stable
507,31023.0,游리 Moderate Usage,0.237220377800378,游릭 Stable,515,8.442622950819672,False,俱뫮잺 Stable
508,31535.0,游리 Moderate Usage,0.23701130222322564,游릭 Stable,316,5.180327868852459,False,俱뫮잺 Stable
509,31085.0,游리 Moderate Usage,0.23688522724788355,游릭 Stable,298,4.885245901639344,False,俱뫮잺 Stable
510,31414.0,游리 Moderate Usage,0.23687991344191303,游릭 Stable,306,5.016393442622951,False,俱뫮잺 Stable
511,31080.0,游리 Moderate Usage,0.23686510273052847,游릭 Stable,615,10.081967213114755,False,俱뫮잺 Stable
512,31310.0,游리 Moderate Usage,0.23674053484915852,游릭 Stable,829,13.59016393442623,False,俱뫮잺 Stable
513,31502.0,游리 Moderate Usage,0.23656583944564102,游릭 Stable,374,6.131147540983607,False,俱뫮잺 Stable
514,31971.0,游리 Moderate Usage,0.23572245851930795,游릭 Stable,119,1.9508196721311475,False,俱뫮잺 Stable
515,31273.0,游릭 Light Usage,0.23531743087661372,游릭 Stable,646,10.59016393442623,False,俱뫮잺 Stable
516,31801.0,游리 Moderate Usage,0.23518649953985601,游릭 Stable,332,5.442622950819672,False,俱뫮잺 Stable
517,31007.0,游릭 Light Usage,0.2351033757353871,游릭 Stable,858,14.065573770491802,False,俱뫮잺 Stable
518,32416.0,游리 Moderate Usage,0.2343961017166068,游릭 Stable,282,4.622950819672131,False,俱뫮잺 Stable
519,31658.0,游리 Moderate Usage,0.23407227666020766,游릭 Stable,501,8.21311475409836,False,俱뫮잺 Stable
520,31520.0,游릭 Light Usage,0.23341249768466357,游릭 Stable,527,8.639344262295081,False,俱뫮잺 Stable
521,31076.0,游리 Moderate Usage,0.23333425678845465,游릭 Stable,151,2.4754098360655736,False,俱뫮잺 Stable
522,31317.0,游리 Moderate Usage,0.23289953191313023,游릭 Stable,261,4.278688524590164,False,俱뫮잺 Stable
523,31036.0,游리 Moderate Usage,0.2328393136685103,游릭 Stable,275,4.508196721311475,False,俱뫮잺 Stable
524,31318.0,游리 Moderate Usage,0.23263997656165927,游릭 Stable,656,10.754098360655737,False,俱뫮잺 Stable
525,31910.0,游리 Moderate Usage,0.23253756735072395,游릭 Stable,250,4.098360655737705,False,俱뫮잺 Stable
526,31707.0,游리 Moderate Usage,0.2322208002135883,游릭 Stable,374,6.131147540983607,False,俱뫮잺 Stable
527,32051.0,游릭 Light Usage,0.23200297876521409,游릭 Stable,90,1.4754098360655739,False,俱뫮잺 Stable
528,31665.0,游리 Moderate Usage,0.23200029805460542,游릭 Stable,514,8.426229508196721,False,俱뫮잺 Stable
529,31040.0,游리 Moderate Usage,0.23165952947181334,游릭 Stable,460,7.540983606557377,False,俱뫮잺 Stable
530,32431.0,游릭 Light Usage,0.2315216545970282,游릭 Stable,119,2.0517241379310347,False,俱뫮잺 Stable
531,31309.0,游리 Moderate Usage,0.2311004055308244,游릭 Stable,221,3.622950819672131,False,俱뫮잺 Stable
532,31617.0,游리 Moderate Usage,0.23108525618598402,游릭 Stable,536,8.78688524590164,False,俱뫮잺 Stable
533,31333.0,游리 Moderate Usage,0.23095668444673245,游릭 Stable,652,10.688524590163935,False,俱뫮잺 Stable
534,31937.0,游리 Moderate Usage,0.23084560552892006,游릭 Stable,364,5.967213114754099,False,俱뫮잺 Stable
535,31026.0,游리 Moderate Usage,0.22953072084820547,游릭 Stable,408,6.688524590163935,False,俱뫮잺 Stable
536,31092.0,游리 Moderate Usage,0.22944980861004516,游릭 Stable,238,3.901639344262295,False,俱뫮잺 Stable
537,31829.0,游릭 Light Usage,0.2285257354117297,游릭 Stable,86,1.4098360655737705,False,俱뫮잺 Stable
538,31034.0,游리 Moderate Usage,0.22815820336897952,游릭 Stable,502,8.229508196721312,False,俱뫮잺 Stable
539,31950.0,游리 Moderate Usage,0.22722034219161744,游릭 Stable,287,4.783333333333333,False,俱뫮잺 Stable
540,31098.0,游리 Moderate Usage,0.22627789613342686,游릭 Stable,402,6.590163934426229,False,俱뫮잺 Stable
541,32001.0,游리 Moderate Usage,0.22603648527120757,游릭 Stable,235,3.8524590163934427,False,俱뫮잺 Stable
542,31315.0,游리 Moderate Usage,0.2247494662835756,游릭 Stable,233,3.819672131147541,False,俱뫮잺 Stable
543,31032.0,游리 Moderate Usage,0.22473702830643752,游릭 Stable,279,4.573770491803279,False,俱뫮잺 Stable
544,31035.0,游리 Moderate Usage,0.22473170675019835,游릭 Stable,291,4.85,False,俱뫮잺 Stable
545,31913.0,游리 Moderate Usage,0.22420734037519205,游릭 Stable,190,3.1147540983606556,False,俱뫮잺 Stable
546,31112.0,游릭 Light Usage,0.2239927876777007,游릭 Stable,839,13.754098360655737,False,俱뫮잺 Stable
547,31958.0,游릭 Light Usage,0.2208164457736555,游릭 Stable,71,1.1833333333333333,False,俱뫮잺 Stable
548,32028.0,游릭 Light Usage,0.2201835279172335,游릭 Stable,60,1.0,False,俱뫮잺 Stable
549,31676.0,游리 Moderate Usage,0.2201545445896641,游릭 Stable,528,8.655737704918034,False,俱뫮잺 Stable
550,31308.0,游리 Moderate Usage,0.22000000000000003,游릭 Stable,492,8.065573770491802,False,俱뫮잺 Stable
551,31717.0,游릭 Light Usage,0.2177778809114015,游릭 Stable,101,1.6833333333333333,False,俱뫮잺 Stable
552,31077.0,游릭 Light Usage,0.2174259318954262,游릭 Stable,551,9.032786885245901,False,俱뫮잺 Stable
553,31906.0,游릭 Light Usage,0.21740318535133,游릭 Stable,60,1.0169491525423728,False,俱뫮잺 Stable
554,32402.0,游릭 Light Usage,0.21646910491662658,游릭 Stable,166,2.721311475409836,False,俱뫮잺 Stable
555,32265.0,游릭 Light Usage,0.21644907987006345,游릭 Stable,52,0.8813559322033898,False,俱뫮잺 Stable
556,31918.0,游릭 Light Usage,0.21621310967975657,游릭 Stable,228,3.737704918032787,False,俱뫮잺 Stable
557,32011.0,游릭 Light Usage,0.21355714570895645,游릭 Stable,76,1.3103448275862069,False,俱뫮잺 Stable
558,31044.0,游릭 Light Usage,0.21352331972604788,游릭 Stable,243,3.9836065573770494,False,俱뫮잺 Stable
559,32056.0,游릭 Light Usage,0.21019132633432622,游릭 Stable,130,2.1311475409836067,False,俱뫮잺 Stable
560,31428.0,游릭 Light Usage,0.20966623190701325,游릭 Stable,85,1.3934426229508197,False,俱뫮잺 Stable
561,31948.0,游릭 Light Usage,0.2090767353356383,游릭 Stable,179,2.9344262295081966,False,俱뫮잺 Stable
562,32429.0,游릭 Light Usage,0.20904803879260722,游릭 Stable,192,3.1475409836065573,False,俱뫮잺 Stable
563,32219.0,游릭 Light Usage,0.20817004336076284,游릭 Stable,62,1.0163934426229508,False,俱뫮잺 Stable
564,32404.0,游릭 Light Usage,0.205310142869753,游릭 Stable,113,1.8524590163934427,False,俱뫮잺 Stable
565,32609.0,游릭 Light Usage,0.20323895169774456,游릭 Stable,103,1.7166666666666666,False,俱뫮잺 Stable
566,32084.0,游릭 Light Usage,0.2032069075378408,游릭 Stable,76,1.2666666666666666,False,俱뫮잺 Stable
567,32029.0,游릭 Light Usage,0.20238831059441248,游릭 Stable,141,2.3114754098360657,False,俱뫮잺 Stable
568,32045.0,游릭 Light Usage,0.202348399633861,游릭 Stable,111,1.85,False,俱뫮잺 Stable
569,32289.0,游릭 Light Usage,0.20143519048742708,游릭 Stable,100,1.694915254237288,False,俱뫮잺 Stable
570,32074.0,游릭 Light Usage,0.19774815549998526,游릭 Stable,102,1.7,False,俱뫮잺 Stable
571,31416.0,游릭 Light Usage,0.19723279759077014,游릭 Stable,307,5.032786885245901,False,俱뫮잺 Stable
572,32415.0,游릭 Light Usage,0.19568673160291042,游릭 Stable,92,1.5593220338983051,False,俱뫮잺 Stable
573,31083.0,游릭 Light Usage,0.19483766098013194,游릭 Stable,177,3.0,False,俱뫮잺 Stable
574,32048.0,游릭 Light Usage,0.19431796605834695,游릭 Stable,434,7.114754098360656,False,俱뫮잺 Stable
575,31972.0,游릭 Light Usage,0.19144185601957386,游릭 Stable,84,1.4,False,俱뫮잺 Stable
576,31057.0,游릭 Light Usage,0.1902722385598561,游릭 Stable,108,1.7704918032786885,False,俱뫮잺 Stable
577,32204.0,游릭 Light Usage,0.18968738604866786,游릭 Stable,92,1.5081967213114753,False,俱뫮잺 Stable
578,32231.0,游릭 Light Usage,0.1887891105526297,游릭 Stable,208,3.4098360655737703,False,俱뫮잺 Stable
579,32295.0,游릭 Light Usage,0.18750698282310424,游릭 Stable,50,1.0638297872340425,False,俱뫮잺 Stable
580,31284.0,游릭 Light Usage,0.18567757041794317,游릭 Stable,467,7.655737704918033,False,俱뫮잺 Stable
581,31053.0,游릭 Light Usage,0.18552263251304413,游릭 Stable,223,3.6557377049180326,False,俱뫮잺 Stable
582,32083.0,游릭 Light Usage,0.18536079974388076,游릭 Stable,104,1.7333333333333334,False,俱뫮잺 Stable
583,31968.0,游릭 Light Usage,0.18435293795988336,游릭 Stable,392,6.426229508196721,False,俱뫮잺 Stable
584,32003.0,游릭 Light Usage,0.18026020970740292,游릭 Stable,130,2.1311475409836067,False,俱뫮잺 Stable
585,32218.0,游릭 Light Usage,0.17813250843391037,游릭 Stable,58,0.9666666666666667,False,俱뫮잺 Stable
586,31916.0,游릭 Light Usage,0.1772265915112362,游릭 Stable,165,2.7049180327868854,False,俱뫮잺 Stable
587,31043.0,游릭 Light Usage,0.1758226313588307,游릭 Stable,185,3.0327868852459017,False,俱뫮잺 Stable
588,32414.0,游릭 Light Usage,0.1756786481496039,游릭 Stable,88,1.4426229508196722,False,俱뫮잺 Stable
589,32422.0,游릭 Light Usage,0.17544974936565103,游릭 Stable,196,3.2131147540983607,False,俱뫮잺 Stable
590,31907.0,游릭 Light Usage,0.17516423445845583,游릭 Stable,143,2.3442622950819674,False,俱뫮잺 Stable
591,32203.0,游릭 Light Usage,0.17461975848208355,游릭 Stable,71,1.2033898305084745,False,俱뫮잺 Stable
592,32421.0,游릭 Light Usage,0.1730837504287177,游릭 Stable,234,3.8360655737704916,False,俱뫮잺 Stable
593,32040.0,游릭 Light Usage,0.1669357294797683,游릭 Stable,250,4.098360655737705,False,俱뫮잺 Stable
594,31902.0,游릭 Light Usage,0.16671033383863937,游릭 Stable,187,3.0655737704918034,False,俱뫮잺 Stable
595,31806.0,游릭 Light Usage,0.16668477789949743,游릭 Stable,106,1.7666666666666666,False,俱뫮잺 Stable
596,32006.0,游릭 Light Usage,0.16628782311424478,游릭 Stable,142,2.3278688524590163,False,俱뫮잺 Stable
597,31013.0,游릭 Light Usage,0.16495692526128214,游릭 Stable,351,5.754098360655738,False,俱뫮잺 Stable
598,31422.0,游릭 Light Usage,0.16459163806228594,游릭 Stable,174,2.8524590163934427,False,俱뫮잺 Stable
599,32000.0,游릭 Light Usage,0.16443494533948183,游릭 Stable,244,4.0,False,俱뫮잺 Stable
600,32034.0,游릭 Light Usage,0.1636396965354276,游릭 Stable,143,2.3442622950819674,False,俱뫮잺 Stable
601,32604.0,游릭 Light Usage,0.16279734333314005,游릭 Stable,71,1.1833333333333333,False,俱뫮잺 Stable
602,32215.0,游릭 Light Usage,0.16249276320852113,游릭 Stable,76,1.2459016393442623,False,俱뫮잺 Stable
603,31974.0,游릭 Light Usage,0.16136304333776247,游릭 Stable,164,2.6885245901639343,False,俱뫮잺 Stable
604,32603.0,游릭 Light Usage,0.16134311068116697,游릭 Stable,72,1.2,False,俱뫮잺 Stable
605,32049.0,游릭 Light Usage,0.16129560521833614,游릭 Stable,187,3.1166666666666667,False,俱뫮잺 Stable
606,31909.0,游릭 Light Usage,0.1606731612089144,游릭 Stable,160,2.622950819672131,False,俱뫮잺 Stable
607,31977.0,游릭 Light Usage,0.15984437397805218,游릭 Stable,87,1.5535714285714286,False,俱뫮잺 Stable
608,32062.0,游릭 Light Usage,0.1581780770294069,游릭 Stable,154,2.566666666666667,False,俱뫮잺 Stable
609,32602.0,游릭 Light Usage,0.15469373461149535,游릭 Stable,58,0.9830508474576272,False,俱뫮잺 Stable
610,32297.0,游릭 Light Usage,0.15390475695702577,游릭 Stable,52,0.8524590163934426,False,俱뫮잺 Stable
611,32027.0,游릭 Light Usage,0.15383352460976527,游릭 Stable,228,3.737704918032787,False,俱뫮잺 Stable
612,31331.0,游릭 Light Usage,0.15249792533361914,游릭 Stable,290,4.754098360655738,False,俱뫮잺 Stable
613,32043.0,游릭 Light Usage,0.1515656145076204,游릭 Stable,76,1.2881355932203389,False,俱뫮잺 Stable
614,32036.0,游릭 Light Usage,0.15056055676376628,游릭 Stable,317,5.19672131147541,False,俱뫮잺 Stable
615,31009.0,游릭 Light Usage,0.14923120789359406,游릭 Stable,265,4.491525423728813,False,俱뫮잺 Stable
616,31931.0,游릭 Light Usage,0.1487538390379105,游릭 Stable,250,4.098360655737705,False,俱뫮잺 Stable
617,31042.0,游릭 Light Usage,0.1486922910085549,游릭 Stable,401,6.573770491803279,False,俱뫮잺 Stable
618,31802.0,游릭 Light Usage,0.14816944890929573,游릭 Stable,222,3.639344262295082,False,俱뫮잺 Stable
619,31063.0,游릭 Light Usage,0.14716359385795746,游릭 Stable,71,1.1639344262295082,False,俱뫮잺 Stable
620,32600.0,游릭 Light Usage,0.14396279773698858,游릭 Stable,121,1.9836065573770492,False,俱뫮잺 Stable
621,32019.0,游릭 Light Usage,0.14167316879824687,游릭 Stable,187,3.0655737704918034,False,俱뫮잺 Stable
622,32606.0,游릭 Light Usage,0.14137091723573364,游릭 Stable,187,3.0655737704918034,False,俱뫮잺 Stable
623,31545.0,游릭 Light Usage,0.14042113579270876,游릭 Stable,98,1.6896551724137931,False,俱뫮잺 Stable
624,31088.0,游릭 Light Usage,0.13791695855764674,游릭 Stable,131,2.1475409836065573,False,俱뫮잺 Stable
625,31059.0,游릭 Light Usage,0.13750692107352386,游릭 Stable,259,4.245901639344262,False,俱뫮잺 Stable
626,31390.0,游릭 Light Usage,0.1347036663574652,游릭 Stable,162,3.306122448979592,False,俱뫮잺 Stable
627,31941.0,游릭 Light Usage,0.13150336105262356,游릭 Stable,88,1.4426229508196722,False,俱뫮잺 Stable
628,31955.0,游릭 Light Usage,0.13142304239093844,游릭 Stable,110,1.8032786885245902,False,俱뫮잺 Stable
629,31010.0,游릭 Light Usage,0.1286462335613833,游릭 Stable,243,3.9836065573770494,False,俱뫮잺 Stable
630,31052.0,游릭 Light Usage,0.12762273304313798,游릭 Stable,225,3.6885245901639343,False,俱뫮잺 Stable
631,32024.0,游릭 Light Usage,0.1275815171780612,游릭 Stable,193,3.1639344262295084,False,俱뫮잺 Stable
632,31903.0,游릭 Light Usage,0.12648255595158045,游릭 Stable,188,3.081967213114754,False,俱뫮잺 Stable
633,31097.0,游릭 Light Usage,0.12600983085511658,游릭 Stable,191,3.1311475409836067,False,俱뫮잺 Stable
634,32601.0,游릭 Light Usage,0.125655026179885,游릭 Stable,144,2.360655737704918,False,俱뫮잺 Stable
635,31086.0,游릭 Light Usage,0.12499763991472679,游릭 Stable,291,4.770491803278689,False,俱뫮잺 Stable
636,31915.0,游릭 Light Usage,0.1247257157232574,游릭 Stable,157,2.5737704918032787,False,俱뫮잺 Stable
